日期,馬場,跑道,場地狀況,途程,場次,名次,馬名,馬匹編號,今仗檔位,上仗檔位,該仗步速,該仗頭段,比標準頭段,該仗末段,比標準末段,完成時間,比標準時間,沿途走位,第一名,第二名,第三名,上仗騎師,今仗騎師,賽事班次,上仗負磅,今仗負磅
2024-01-10,HV,grass,好,1200,329,04,金德義,10,5,7,46.91,47.95,0.75,22.98,0.28,70.93,1.03,10 10 4,風中勁松,宏才,耀寶駒,董明朗,周俊樂 (-2),4,127,121
2024-02-04,ST,grass,好,1400,391,10,金德義,10,5,1,59.49,60.41,1.81,23.15,-0.25,83.56,1.56,9 12 11 10,勝利神駒,機緣醉夢,仁心星,董明朗,周俊樂 (-2),4,125,121
2024-02-28,HV,grass,好,1650,459,06,金德義,10,5,5,77.69,78.21,2.36,24.4,0.15,102.61,2.51,6 6 8 6,建測羣英,紅海勁,美麗歡聲,董明朗,周俊樂 (-2),4,123,121
2024-03-13,HV,grass,好,1650,500,08,金德義,10,5,12,76.36,77.56,1.71,23.94,-0.31,101.5,1.4,12 12 12 8,展宏圖,勝利同盟,春風萬里,巴度,周俊樂 (-2),4,122,121
2024-04-17,HV,grass,好,1800,592,02,金德義,10,5,8,85.86,86.74,1.44,23.99,-0.36,110.73,1.08,12 10 12 12 2,躡景追飛,金德義,領頭先駒,董明朗,周俊樂 (-2),4,123,121
2024-04-28,ST,grass,黏,2000,617,08,金德義,10,5,4,99.43,100.63,2.23,24.11,0.16,124.74,2.39,6 6 6 7 8,赤火驍龍,夢照發,波爾多,巴度,周俊樂 (-2),4,121,121
2024-05-22,HV,grass,好,1650,689,02,金德義,10,5,7,75.2,75.6,-0.25,24.91,0.66,100.51,0.41,9 8 6 2,龍船快,金德義,架勢奇爸,董明朗,周俊樂 (-2),4,121,121
2024-06-12,HV,grass,好,1800,744,06,金德義,10,5,10,85.44,86.0,0.7,24.7,0.35,110.7,1.05,9 9 6 6 6,慶萬家,逐步贏,精準快車,董明朗,周俊樂 (-2),4,120,121
2024-07-14,ST,grass,好,1800,824,12,金德義,10,5,14,85.3,86.34,2.69,24.53,0.33,110.87,3.02,13 13 13 13 12,風火恆雲,年年友福,龍船快,艾兆禮,周俊樂 (-2),4,121,121
2024-11-27,HV,grass,好,1650,214,09,金德義,10,5,12,77.37,78.25,2.4,23.47,-0.78,101.72,1.62,12 12 12 9,都靈勇士,美麗歡聲,經典時代,巴度,周俊樂 (-2),4,120,121
2024-12-22,ST,grass,好,1600,277,14,金德義,10,5,2,71.29,71.81,0.21,24.74,0.89,96.55,1.1,9 8 7 14,紅鬃烈馬,馬特峰,駿彩飛馳,貝知仁,周俊樂 (-2),5,134,121
2025-01-08,HV,grass,好,1650,328,11,金德義,10,5,11,78.68,79.8,3.75,23.73,-0.52,103.53,3.23,11 11 11 11,飛馬將軍,焦點,冠寶駒,艾道拿,周俊樂 (-2),5,132,121
2025-01-15,HV,grass,好,1800,347,03,金德義,10,5,1,85.29,85.77,0.22,24.42,0.02,110.19,0.24,8 7 6 7 3,架勢奇爸,駿彩飛馳,金德義,董明朗,周俊樂 (-2),5,129,121
2025-02-16,ST,grass,好/快,1600,427,04,金德義,10,5,10,70.09,70.73,-0.87,24.04,0.19,94.77,-0.68,13 13 13 4,冠寶駒,利衍天下,領航傳祺,董明朗,周俊樂 (-2),5,128,121
2025-03-05,HV,grass,好,2200,476,06,金德義,10,5,5,111.56,112.52,-0.68,24.76,0.61,137.28,-0.07,4 7 7 7 7 6,樂捉鳥,香港精神,同寶寶,董明朗,周俊樂 (-2),5,127,121
2025-04-06,ST,grass,好,2000,562,07,金德義,10,5,9,99.02,99.78,1.08,23.61,-0.34,123.39,0.74,8 9 9 9 7,永勝金駒,喜悅一生,皇金風速,田泰安,周俊樂 (-2),5,125,121
2025-04-30,HV,grass,好/快,1650,630,09,金德義,10,5,9,76.7,77.66,1.61,23.52,-0.73,101.18,0.88,11 12 12 9,加州活力,極速之子,無敵精英,潘明輝,周俊樂 (-2),5,123,121
2025-05-14,HV,grass,好/快,1800,669,02,金德義,10,5,4,84.68,85.24,-0.31,23.83,-0.57,109.07,-0.88,7 7 7 5 2,竣誠駒,金德義,皮具大師,賀銘年,周俊樂 (-2),5,121,121
2025-06-14,ST,grass,好,1600,757,04,金德義,10,5,5,72.73,73.21,1.61,22.76,-1.09,95.97,0.52,5 6 7 4,美麗多盈,勝得福,無極勇將,賀銘年,周俊樂 (-2),5,121,121
2025-07-01,ST,grass,好,1800,798,01,金德義,10,5,9,84.03,84.03,-0.22,24.05,-0.15,108.08,-0.37,1 2 2 1 1,金德義,同寶寶,凱旋七福,潘頓,周俊樂 (-2),5,121,121
2025-10-15,HV,grass,好/快,1650,095,05,金德義,10,5,4,75.11,75.95,-0.1,24.78,0.53,100.73,0.43,12 12 12 5,無極勇將,魔法速遞,瀧澤飛駒,潘明輝,周俊樂 (-2),5,128,121
2025-10-26,ST,grass,好/快,1800,123,05,金德義,10,5,13,83.29,84.01,-0.24,23.63,-0.57,107.64,-0.81,13 13 12 11 5,齊歡最樂,型到爆,悠悠乾坤,潘明輝,周俊樂 (-2),5,127,121
2025-11-15,ST,grass,好,1800,180,04,金德義,10,5,9,83.36,84.04,-0.21,24.57,0.37,108.61,0.16,9 11 10 6 4,齊歡最樂,型到爆,瀧澤飛駒,潘頓,周俊樂 (-2),5,126,121
2025-12-03,HV,grass,好,1800,229,06,金德義,10,5,3,86.16,86.68,1.13,23.7,-0.7,110.38,0.43,4 5 5 7 6,瀧澤飛駒,步風雷,堅多福,奧爾民,周俊樂 (-2),5,125,121
2026-01-07,HV,grass,好,1800,325,04,金德義,10,5,4,84.62,85.22,-0.33,24.22,-0.18,109.44,-0.51,7 8 10 8 4,特別美麗,夢照發,步風雷,田泰安,周俊樂 (-2),5,122,121
2026-01-18,ST,grass,好,2000,354,06,金德義,10,5,5,100.51,100.71,2.01,23.64,-0.31,124.35,1.7,2 3 4 3 6,香港精神,夢照發,開心三多,潘明輝,周俊樂 (-2),5,122,121
